怪八卦,3.45,4.383
更加小心,5.111,7.188
格外小心,3.95,6.5
特别小心,5,7
极为小心,3.989,6.925
万分小心,4.6,7.5
怪小偷,2.9,5.1
更为不利,2.375,6.389
相当不利,2.5,6.444
最为不利,2.5,6.643
极其不利,2.867,6.275
极为不利,2.275,7.088
略不足,4.244,3.478
略微不足,4.711,3.657
稍不足,4.211,4.438
极度不足,2.756,4.788
较不足,4,4.375
较为不足,3.438,4.12
稍微不足,4.522,4.233
相当不便,2.9,5.375
极为不便,2.875,5.833
较为不便,4.375,5.078
完全不符,2.4,5.286
十分不满,2.256,7.444
尤其不满,2.167,7.422
相当不满,2.111,7
最为不满,2.45,7.138
越发不满,2.86,6.95
极其不满,1.933,7.389
极度不满,2.256,7.422
极为不满,2.388,7.489
极度不适,2.433,6
稍微分享,6.167,4.322
极度反感,1.389,7.889
完全支持,8.111,6.722
特别支持,7.55,6.722
较为支持,7.8,4.85
较支持,6.667,5.356
相当出色,8,6.389
最为出色,8.056,6.288
极为出色,8.125,6.314
比较可怕,3.113,6.722
好可怕,3,7
有点可怕,3.333,6.375
更可怕,3,7
更为可怕,2.47,7.188
很可怕,2.5,7
挺可怕,2.59,7.378
最可怕,2,7.5
最为可怕,2.49,6.717
还可怕,2.75,7.188
蛮可怕,3.1,6.778
挺可悲,2.65,6.125
蛮可悲,2.375,6.813
十分可爱,7.678,7.143
太可爱,8,7
比较可爱,6.944,6
好可爱,8,7
怪可爱,6.95,6.45
非常可爱,8,7.313
挺可爱,7.422,6.278
超可爱,8,7.556
蛮可爱,7.571,6.563
超级可爱,8.2,7.267
好可怜,3,6
有点可怜,4.063,4.556
怪可怜,2.678,5.4
很可怜,2.556,6
挺可怜,2.844,6.075
超可怜,2.56,6.413
完全失控,2,8
有点失望,2.9,5.625
非常失望,2,7
相当失望,2,7
略失望,3.833,5.313
略微失望,2.313,5.87
极度失望,1.63,7.244
极为失望,1.733,7.214
异常平静,7.589,1.857
稍微打,3.588,6.556
完全打击,2.875,7.438
比较正,6.5,5.571
很正,7,6
挺正,6.611,5.778
最正,7.4,6
超正,7.556,6.667
超级正,7.967,6.8
越正,7,6
蛮正,7.31,6.257
极为正面,7.478,5.133
稍用力,5.125,5.875
稍稍用力,4.813,5.688
稍微用力,5.613,7.057
愈用力,4.85,7.625
老白痴,2.413,7
老白痴,1.571,7.917
超丢脸,1.813,7.313
超级丢脸,2.088,6.811
太凶,2.556,8
越凶,3,7.713
愈凶,2.667,7.667
完全同意,7.444,5.333
十分好,7.833,6.667
太好,8.1,6.625
尤其好,7.9,6.3
比较好,6.667,5.333
完全好,7.625,6.333
非常好,8.5,6.625
很好,8,6
相当好,7.4,6
挺好,6.925,5.656
特别好,7.556,6.375
略好,5.913,4.625
异常好,7.311,6.25
无比好,7.7,6.871
稍好,6.278,4.411
稍微好,6.611,5.925
超好,8.444,7
超级好,7.625,6.667
越好,7.267,5.378
愈好,7.47,6.25
较好,7.311,5.344
蛮好,6.933,5.086
比较好玩,6.338,5.8
挺好玩,7,5.744
超好玩,7.433,6.6
蛮好玩,7,6.222
太好笑,7.25,7.375
比较好笑,6.944,6.844
更好笑,6.833,7
很好笑,7,7
挺好笑,6.7,6.822
最好笑,7.4,7.5
超好笑,7.289,7.178
超级好笑,7.35,7.4
蛮好笑,6.4,6.4
比较安心,5.556,2.667
较安心,6.122,2.338
比较安全,6.444,4.375
更安全,7,4.778
更加安全,7,5.7
更为安全,7.2,5.171
稍微安全,6.413,4.367
较安全,6.5,4.625
较为安全,6.8,4.333
十分成功,8.875,7.929
非常成功,9,7.5
相当成功,8.778,7.4
略成功,6.1,5.025
最为成功,8.544,7.078
极为成功,8.913,7.825
还有用,5.856,4.638
更为有利,6.625,6.7
最有利,7,6.667
最为有利,7.463,6.42
较有利,6.075,5.7
较为有利,6.186,5.556
更有效,7,6
更为有效,7.389,6.286
最有效,7.444,6.111
最为有效,7.813,6.389
十分有趣,8.222,7.063
比较有趣,6.875,6.125
更为有趣,7.3,6
非常有趣,8,7
很有趣,7.778,6
挺有趣,7.811,6.378
很有钱,7.222,6.222
最有钱,6.913,6.438
稍微有钱,6.256,5.463
超有钱,7.5,6.938
超级有钱,7.589,7.056
越有钱,6.08,6.113
还有钱,5.778,5.01
愈有钱,6.7,5.68
太自由,6,6.071
完全自由,6.956,5.28
更为自由,6.822,5.95
无比自信,8.46,6.65
万分自责,2.2,6.913
极其低落,2.344,4.8
太冷,3,5.333
好冷,3,5
有点冷,3.333,4.375
略冷,3.938,4.286
稍冷,3.878,3.678
稍微冷,3.663,3.556
超级冷,2.513,4.056
越冷,3.133,3.813
愈冷,3,5.333
较冷,3.311,4.425
异常冷淡,2.3,4.1
完全否定,2.625,5.822
完全否认,2.722,5.489
尤其吸引,6.478,6.857
格外吸引,7.278,7.333
特别吸引,6.156,6.5
十分壮观,7.722,7.188
相当壮观,7.188,6.989
老妓女,2.075,5.671
更完善,7,5.375
更加完善,7,5
更为完善,7.725,5.38
老巫婆,2.5,6.286
尤其希望,7.988,6.325
更希望,7.889,6
无比快乐,8.313,7.563
极其扭曲,1.989,6.588
极度扭曲,2.4,6.6
略改善,5.813,4.5
略微改善,6.222,5.4
稍稍改善,5.722,4.667
稍微改善,6.25,5.475
更加沉重,2.156,6.811
更为沉重,2.26,7.022
格外沉重,2.54,6.413
异常沉重,2.044,6.913
无比沉重,2.143,6.833
更佳,7,5.111
稍佳,6.038,3.778
愈佳,6.944,5.45
较佳,6.4,4.5
老垃圾,2.025,7.65
怪垃圾,2,7.85
好奇怪,3.667,6
有点奇怪,4,5.375
很奇怪,3.667,6
蛮奇怪,3.47,6.167
无比幸运,8.133,6.788
无比幸福,8.422,4.525
完全忽略,2.25,4.75
完全忽视,2.5,5.556
好怕,2.5,7
有点怕,3.25,6.5
怪怕,3.167,7.3
很怕,2.6,7
最怕,2.1,7.6
超怕,2.556,7.444
超级怕,2.138,7.55
越怕,2.389,7.113
愈怕,2.857,6.822
还怕,2.944,6.875
有点怪,3.475,4.338
老怪,3.75,5.9
很怪,2.6,5.444
蛮怪,3.3,4.713
万分抱歉,2.467,4.65
稍稍放心,5.75,4.167
稍微放心,5.833,2.713
完全放弃,1.978,6.525
略微放松,6.222,1.6
稍放松,5.611,3.5
稍稍放松,5.788,2.8
稍微放松,5.622,2.722
略放松,6.2,2.917
万分欣喜,7.889,7.622
无比欣慰,7.57,5.34
万分欣慰,7.8,6.16
还沾沾自喜,3.778,6.722
稍微玩,5.063,4.5
愈玩,5.214,6.063
还玩,4.457,6.333
异常保护,4.667,6.129
无比信心,8.313,6.938
无比勇气,7.963,7.478
好帅,7,6.333
特别帅,7.367,6.417
最帅,7.467,5.733
超级帅,7.944,7.444
越帅,6.838,5.975
蛮帅,7.25,6.063
挺帅,6.875,6.111
超帅,7.667,6.889
十分后悔,1.6,7.375
超后悔,2,6
超级后悔,1.333,7.083
万分后悔,2.225,6.222
最为恰当,7.156,6
十分活跃,6.975,7.875
相当活跃,7.214,7.611
异常活跃,7.52,8.511
最为活跃,7.188,8.056
较为流行,5.789,5
更加珍惜,7.467,6.4
格外珍惜,8.125,6.26
万分珍惜,8.333,6.56
尤其珍贵,7.6,6.325
格外珍贵,8.3,6.438
异常珍贵,8.233,6.638
最为珍贵,7.943,5.767
无比珍贵,7.913,6.633
极其珍贵,8.46,6.763
极为珍贵,8.022,5.656
太相信,8,6
还相信,7.438,5.813
更美好,7.444,6.222
更加美好,7.656,6.556
越苦,2.188,5.714
老英雄,7.75,7.063
更为重大,4.6,7.525
格外重大,3.567,8.044
最为重大,4.838,8
极其重大,5.1,8.071
极为重大,4.3,7.867
完全陌生,2.5,4.778
尤其值得,7.222,6.378
更值得,7,6
非常值得,7.222,7
相当值得,7.357,5.733
格外值得,7.229,6.533
蛮值得,6.51,5.871
略微哽咽,4,5.813
愈害怕,2.678,6.2
太差,2.5,5.429
比较差,3,4.111
更差,2.667,5.25
非常差,2.375,5.889
特别差,2.522,6.171
略差,3.889,4.9
最差,1.5,6.875
稍差,3.444,4.222
稍微差,3.713,4.278
超差,2,6.444
超级差,1.5,7.071
愈差,2.738,4.75
较差,3.513,5.233
还差,2.957,5.075
越差,2.944,4.778
太弱,2.778,5.667
有点弱,3.4,4.125
略弱,4.3,4.075
最弱,2.571,5.714
稍弱,3.625,4.222
越弱,2.756,4.94
愈弱,2.811,4.95
较弱,3.4,4
太恐怖,2,7.667
好恐怖,2.333,7
有点恐怖,3.014,7.08
更恐怖,2,7.4
怪恐怖,2.722,7.389
很恐怖,2,7.4
最恐怖,1.625,7.556
超级恐怖,2.05,7.567
蛮恐怖,2.311,7.356
超恐怖,1.625,7.667
极度恐惧,1.411,7.87
万分恐惧,1.625,8.056
无比振奋,7.833,8.222
略微气愤,2.956,6.733
完全消灭,2.388,7.363
无比真实,7.313,5.417
完全缺乏,2.556,5.667
极度缺乏,2.038,5.967
较缺乏,3.013,4.6
较为缺乏,2.763,4.37
好臭,3,5.556
老臭,2.6,5.5
很臭,2.625,5.667
超级臭,2.489,5.325
愈臭,3.343,5.343
越臭,3.071,5.643
略微衰退,3.833,4.063
稍稍衰退,4.25,3.929
非常讨厌,2,7.667
特别讨厌,1.889,7.438
最讨厌,1.6,8
超讨厌,1.467,7.833
超级讨厌,1.6,7.667
极度讨厌,1.725,7.989
十分高兴,8.125,7.938
非常高兴,8,8
很高兴,8,7
格外高兴,7.767,6.9
特别高兴,7.45,7.33
尤其偏好,5.4,5.186
尤其偏爱,6,5.75
更加坚强,7.811,7.063
格外坚强,7.144,6.822
异常坚强,7.643,7.125
无比坚强,7.378,6.625
万分寂寞,2.656,5.429
太强,7.5,6.556
比较强,6.6,5.625
有点强,5.988,4.689
非常强,7.15,6.613
特别强,7.375,6.625
略强,5.889,5.313
最强,7.625,6.75
稍强,6.213,4.98
稍微强,5.938,4.763
超级强,7.557,6.213
越强,7,6
愈强,7,6
较强,6.5,5.857
还强,6.778,6.056
蛮强,6.813,6.188
很强,7,6
尤其强烈,3.713,8.225
更为强烈,4.871,8.411
特别强烈,4.929,8.222
异常强烈,4.1,8.35
最为强烈,3.656,8.344
越发强烈,4.729,8.314
极其强烈,4.688,8.725
极为强烈,5.125,8.688
较强烈,4.733,7.711
较为强烈,3.714,7.5
老情人,5.857,6.333
异常情绪,3.5,6.286
极度排斥,1.833,7.833
完全控制,4.083,6.125
稍稍控制,4.513,3.967
稍微控制,4.5,4.25
十分敏感,3.813,6.375
尤其敏感,4.375,6.188
更为敏感,3.94,5.925
格外敏感,3.656,5.711
异常敏感,3.589,5.971
最为敏感,3.556,5.413
极其敏感,3.113,6.233
极度敏感,3.638,5.725
极为敏感,3.689,6.513
较敏感,4.088,5.05
较为敏感,3.888,5.238
十分清楚,6.143,4.857
比较清楚,5.333,4.286
更清楚,6,4.222
更加清楚,6,4.333
更为清楚,6.71,4.46
非常清楚,6.25,4.875
很清楚,5.778,4.333
相当清楚,6,4.111
最清楚,6.825,4.313
越清楚,6,4.571
愈清楚,6.75,4.475
较清楚,5.667,3.333
太爽,8,8
更爽,8,8
很爽,8,8
挺爽,7.356,7.35
特别爽,8,8.167
最爽,8.444,8
超爽,8.5,8.444
超级爽,7.95,8.075
越爽,7.611,7.778
愈爽,7.513,7.75
还爽,7.4,7.3
蛮爽,7.556,7.556
老笨蛋,2.488,6.356
太累,2.444,5.4
好累,2.289,5.85
很累,2.5,5.6
超级累,2.689,5.457
极度贫穷,1.444,6.671
太麻烦,2.667,6
比较麻烦,2.767,5.738
很麻烦,3,6
挺麻烦,3.289,5.622
超麻烦,2.4,6.333
超级麻烦,2.278,6.5
较麻烦,3.188,5.611
尤其喜爱,7.263,6.925
太喜欢,8,6.444
尤其喜欢,7.456,5.967
比较喜欢,6.7,5
好喜欢,8,6.333
老喜欢,6.3,6.25
更喜欢,8,6.5
非常喜欢,8,7.333
很喜欢,8,6.444
挺喜欢,7.367,5.689
特别喜欢,8.333,7.333
最喜欢,8.6,7.333
超喜欢,8.188,6.213
超级喜欢,8.389,7.688
较喜欢,6.533,5.756
还喜欢,7.3,5.878
蛮喜欢,7.178,5.913
异常悲愤,1.5,8.444
略闷,3.91,4.06
稍闷,4.125,4.4
更加恶化,2.4,6.778
更为恶化,2.178,6.8
更为恶劣,1.833,7.444
极其恶劣,1.7,7.95
极度恶劣,1.333,8.222
极为恶劣,1.611,7.175
太棒,7.444,6.625
更棒,7,6.4
非常棒,7.222,6.444
很棒,7.6,6.6
最棒,8.375,6.5
更为棘手,2.489,7.188
最为棘手,2.125,7.375
极其残忍,1.089,8.59
极为残忍,1.31,8.656
十分无奈,2.667,5.375
万分无奈,2.5,4.4
极其无能,2.156,7.211
太无聊,2.444,5
好无聊,2.6,4.333
有点无聊,3.956,3.757
很无聊,2.6,4.333
挺无聊,3.5,3.833
超无聊,2.322,3.7
超级无聊,2.989,5.56
极其无聊,2.444,4.571
蛮无聊,3.333,4
异常焦虑,1.938,7.167
万分焦虑,1.857,8.222
稍痛,3.944,5.444
超痛,2,7.5
超级痛,1.556,8
越痛,2.175,6.788
愈痛,2.238,7.063
极度痛苦,1.488,8.27
极为痛苦,1.65,7.933
万分痛苦,1.389,7.825
比较舒服,6.4,3.778
很舒服,7,4.25
挺舒服,6.963,3.938
超舒服,7.333,5
蛮舒服,7,3.6
超级舒服,7.522,5.45
更加舒适,7.322,3.675
更为舒适,7.214,5.875
较舒适,6.6,3.444
较为舒适,6.778,4
十分开心,8,7
好开心,8.05,7.45
非常开心,8,7.6
很开心,8,7
挺开心,7.1,6.55
格外开心,8.056,7.188
特别开心,8.214,7.438
无比开心,8.333,7.722
还开心,7.429,6.563
蛮开心,7.389,6.55
更加顺利,7.53,5.938
更为顺利,7.356,5.92
异常顺利,7.078,6.4
好乱,2.6,6.4
稍乱,4.188,4.75
越乱,2.517,6.756
愈乱,2.489,6.7
还乱,3.214,6.444
略嫌,3.688,4.75
稍嫌,3.744,4.633
超级干,0.922,8.644
超干,1,9
比较想,5.5,3.556
好想,5.667,4.375
完全想,5.8,5.12
挺想,5.563,5.222
特别想,6,5.125
略想,5.188,3.625
最想,5.75,4.889
稍稍想,5.1,3.078
稍微想,5.111,4.3
超想,5.625,5.625
超级想,6.444,5.283
越想,5.5,4.286
极度想,6,6.25
还想,5.057,4.071
蛮想,5.556,4.375
有点想,5.25,3.429
更想,5.667,4.25
愈想,5.733,3.9
太爱,8.889,6.5
尤其爱,8.088,5.55
比较爱,8,5.444
好爱,9,6.25
更爱,8.889,6.333
很爱,9,6.5
特别爱,9,6.889
超爱,9,7
越爱,8.278,5.329
较爱,7.8,5.19
还爱,6.625,6
超级爱,8.65,6.313
愈爱,8.786,6.389
蛮爱,7.333,6.167
万分感恩,7.689,6.3
十分感谢,7.533,6.467
尤其感谢,7.871,6.2
非常感谢,8,6.667
超级感谢,8.011,7.143
万分感谢,8.478,6.788
较为温和,5.85,3.738
异常温暖,7.12,5.271
无比温暖,7.77,5.113
格外温馨,8.35,5.36
很烦,2.444,6.4
超烦,2,6.625
超级烦,1.833,7.167
完全禁止,2.567,5.214
稍稍羡慕,5.188,5.688
超羡慕,7.188,7.25
超级羡慕,7.189,5.925
万分羡慕,7,6.867
完全解决,7.333,5.333
挺诚实,7.5,5.25
老遇到,5.25,5.75
还遇到,5.188,5.417
老游戏,5.167,4.563
完全违背,1.78,6.843
极其厌恶,1.444,8.222
完全对,7,5.222
更对,6.671,5.48
挺对,7.143,5.667
太惨,2,6
好惨,2,6
很惨,2,6
挺惨,1.878,6.114
越惨,2.188,5.417
还惨,2.5,5.825
蛮惨,2.34,6.022
有点惨,3,4.578
最惨,1.667,6.375
稍惨,3.329,4.444
愈惨,2.122,5.925
太慢,3,5.222
有点慢,4,2.556
特别慢,2.88,4.057
略慢,4.5,3.25
最慢,3.125,5.571
稍慢,4,2.375
稍微慢,3.822,3.163
越慢,4,3.333
愈慢,3.9,3.188
十分满意,8.056,7.167
非常满意,8,7
相当满意,8,6.556
超级满意,7.975,6.925
蛮满意,7.433,6.278
超满意,8.333,6.95
好漂亮,8,7
挺漂亮,7.438,6.275
超漂亮,8.222,7.389
超级漂亮,7.813,7.144
越漂亮,7.567,6.95
蛮漂亮,7.267,6.23
更加精彩,8.144,7.8
更为精彩,7.88,7.711
十分紧张,2.975,7.738
太紧张,2.844,7.25
好紧张,3,8
有点紧张,3.389,7.1
更加紧张,2.889,7.563
相当紧张,2.333,7.889
格外紧张,2.6,7.667
略微紧张,3.544,6.833
异常紧张,2.444,7.786
愈紧张,3.388,7.389
万分紧张,2.325,8.075
更为紧绷,2.975,7.925
异常紧绷,2.611,7.813
太认真,7.625,6.222
非常认真,8,6
格外认真,7.767,6.25
稍稍认真,6,4.667
稍微认真,5.813,4
还认真,6.243,5.417
比较轻松,6,2.375
更为轻松,6.711,2.3
格外轻松,6.963,2.475
稍微轻松,5.667,2.3
较轻松,6.556,2.444
较为轻松,6.111,2.411
略酸,4.333,4.563
还酸,3.5,5.389
好恶,2,7
超恶,1.5,7.444
好恶心,2,7.556
怪恶心,1.975,7.071
异常恶心,1.833,7.55
超恶心,1.6,7.5
超级恶心,1.938,7.9
更为乐观,7.95,6.183
相当乐观,7.875,6.55
稍许乐观,5.622,4.5
较乐观,6.5,5.563
较为乐观,7.222,4.786
相当热烈,7.611,8.356
最为热烈,7.375,8.056
越加热烈,6.578,7.978
极为热烈,7.156,7.967
无比热情,7.567,7.388
十分热闹,7.667,7.444
更加热闹,7.089,7.088
相当热闹,7,7
异常热闹,6.929,7.45
最为热闹,7.838,7.433
更加确定,6.929,5.733
越穷,2.74,5.038
愈穷,2.778,5.278
稍缓和,5.688,3.375
稍稍缓和,5.375,3.667
稍微缓和,5.938,3.957
较为缓和,5.667,3.267
十分适合,6,4.625
太适合,6,4.778
尤其适合,6.944,4.35
好适合,6.222,4.333
更适合,6,4.714
非常适合,6.375,5
很适合,6,4.333
相当适合,6.444,4.5
特别适合,6.4,5.125
最适合,6.25,4.444
最为适合,7.63,5.02
较适合,5.444,3.889
较为适合,5.55,3.91
蛮适合,5.6,4
比较适合,5.333,3.444
最为适当,7.733,5.9
较适当,6,4.5
较为适当,5.875,4.511
十分震惊,3.04,8.167
相当震惊,2.889,8.188
无比震惊,2.929,8.333
极为震惊,2.644,8.138
万分震惊,2.663,8.163
尤其擅长,7.622,6.5
十分担心,2.62,7.413
太担心,2,7
尤其担心,2.422,7.622
有点担心,3,6
非常担心,2.189,7.55
相当担心,2.063,7.222
格外激动,4.333,8.133
异常激动,4.743,8.278
无比激动,5.075,8.456
更积极,7.222,7
更加积极,7.063,7.025
更为积极,7.333,7.188
最为积极,7.913,7.8
较为积极,6.889,7.078
好兴奋,8,8
非常兴奋,8,8
相当兴奋,7.667,8
格外兴奋,8.267,7.944
特别兴奋,7.59,7.925
无比兴奋,8.375,8.322
超级兴奋,8.063,8.144
格外讽刺,2.125,7.267
极其讽刺,2.05,7.413
最为踊跃,7.911,7.922
略输,3.844,3.97
越输,2.363,4.75
愈输,2.357,5
还输,2.444,4.556
十分遗憾,1.556,5.444
非常遗憾,1.6,6.1
相当遗憾,1.556,5.667
极其遗憾,1.844,6.625
极为遗憾,1.389,6.643
万分遗憾,2.125,4.9
完全错误,2.05,5.838
略优,6.143,5.222
稍优,5.833,4.75
较优,7.188,5.733
无比压力,1.688,7.667
十分尴尬,2.789,5.788
有点尴尬,3.6,4.286
格外尴尬,2.533,6.138
略尴尬,4.067,4.125
略微尴尬,3.45,4.3
无比尴尬,2.167,7.167
极为尴尬,2.957,5.314
万分尴尬,2.729,5.529
还帮忙,7.063,5.889
略滥用,3.929,4.786
更糟糕,3,6
比较聪明,6.8,4.375
最聪明,8,5.625
更加艰困,2.5,6.143
更为艰困,2.267,7.65
格外艰困,2.713,7.113
最为艰困,2.067,7.633
更为艰辛,2.188,7.011
异常艰辛,1.963,7.5
无比艰辛,2.156,7.022
万分艰辛,2.111,7.389
更加艰难,2.188,7.571
更为艰难,2.433,7.55
最为艰难,2.375,8.188
极其艰难,2.057,7.756
万分谢意,7.367,7.429
万分谢谢,7.688,7.5
太丑,2.444,4.625
好丑,2.667,4.625
很丑,2.556,4.889
最为鲜明,6.6,6.025
异常向往,6.638,6.567
更加谨慎,7.163,4.963
更为谨慎,6.378,5.175
格外谨慎,6.778,4.075
特别谨慎,6.678,4.678
异常谨慎,6.857,6
极其谨慎,6.889,6.16
极为谨慎,7.333,6.714
万分谨慎,6.889,4.678
较为谨慎,6.975,3.99
十分丰富,7.5,6.375
更加丰富,7.189,5.975
更为丰富,7.388,6.129
相当丰富,7.5,6.25
最为丰富,7.2,6.313
极为丰富,8.111,6.713
较丰富,7,5.778
较为丰富,7.013,5.478
更丰富,7,6
格外怀念,6.767,6.389
极度怀疑,2.163,6.375
完全赞同,7.813,6.778
十分关心,7.5,7.556
尤其关心,7.888,7.114
非常关心,7,7.333
相当关心,6.789,6.578
特别关心,7.333,7.22
最关心,7.5,7
最为关心,7.667,6.675
极为关心,7.25,7.563
十分难过,2.044,6.688
好难过,2,6.5
相当难过,2.375,6.222
万分难过,2.025,7
很难过,2,6.444
还愿意,5.571,5.338
太严重,2.6,8
尤其严重,2.3,7.833
比较严重,3.375,7.2
更严重,2.5,8
更加严重,2.444,8
更为严重,2.4,8
非常严重,2,8
很严重,2.5,8
挺严重,2.61,7.678
异常严重,2.111,8.083
最严重,1.625,8
最为严重,1.78,8.511
稍微严重,3.889,6
越加严重,2.111,7.75
越发严重,2.333,7.8
极其严重,1.789,8.013
极为严重,1.667,8.15
较严重,3.333,7.444
较为严重,3.1,7.111
还严重,2.943,6.988
蛮严重,2.725,7.4
相当严重,2.444,8
特别严重,2.014,8.086
更加严峻,1.813,7.889
更为严峻,2.411,7.988
最为严峻,2.222,7.967
更严格,2.8,7.711
更加严格,3.5,7.563
更为严格,3.363,7.413
异常严格,2.222,7.688
最为严格,3.111,6.95
极其严格,2.278,7.688
较严格,3,7
较为严格,3.644,7.067
极为严格,2.622,7.938
格外耀眼,7.225,7.163
最为耀眼,7.55,7.444
太烂,2.138,6.756
更烂,2,6
很烂,2,6.4
挺烂,2.522,5.46
最烂,1.6,6.667
超烂,1.6,7
超级烂,1.75,6.789
愈烂,2.256,6.1
蛮烂,2.278,6.09
蛮蠢,2.378,5.271
越脏,2.389,5.667
愈脏,2.675,5.286
尤其惊人,3.586,8.38
相当惊人,2.75,8
异常惊人,4.567,7.975
最为惊人,5.129,8.338
极为惊人,4.15,7.75
十分惊讶,5.111,8.313
相当惊讶,5.556,8
万分惊讶,5.263,8.213
更加灵活,7.389,5.714
更为灵活,7.143,5.467
稍微不小心,4,4.429
还不能反抗,3.111,5.786
更没有心情,3.363,5
太不可爱,3.643,6
有点不可爱,4,3.722
超级不可爱,2.688,5.929
十分不可靠,3,6.15
太不可靠,2.722,6.333
完全没打,4.929,5.688
更不能打,5.063,6.45
还不能打,4.086,5.667
还没打,4.3,4.6
还不打,4.6,6.143
完全不能打,3.829,6.083
完全没有正面,3.889,5.267
比较不丢脸,4.875,4.625
完全不同情,3.625,5.143
尤其不同意,3.563,6.3
完全不同意,2.6,6.833
完全不能同意,2.75,6.625
更没有多余,4.133,5.6
十分不好,2.778,6.725
太不好,3.071,5.722
尤其不好,2.933,6.063
比较不好,4,4.313
有点不好,3.6,4.714
更不好,3.4,5.75
更加不好,3,6.125
怪不好,3.4,5.444
非常不好,2.333,7
很不好,2.813,5.778
特别不好,2.556,6.286
最不好,2.688,6.571
稍微不好,4,4.556
超不好,2.444,7.063
越不好,3.167,5.3
愈不好,3.444,5.688
极度不好,2.333,7.063
较不好,4,4
还没好,4.4,4.25
还没有好,4,4.714
还不好,3.567,5
完全没好处,3.111,6.25
完全没有好处,2.625,5.667
太不安全,2.778,6.167
比较不安全,4,4.5
比较没有安全,4.338,4.6
更不安全,3,6
更加不安全,3.075,5.522
很不安全,2.833,5.556
相当不安全,3.111,6.056
最不安全,2.5,6
超级不安全,2,6.857
越不安全,3.611,5.563
蛮不安全,3.778,5.667
还不能成功,3.975,5.563
还没成功,4,4.25
还没有成功,4,4.929
老不死,1.444,6.7
还不死,1.833,5.5
还不能死,3.5,6
还没死,4.944,5.444
还没有死,4.833,5.111
还没有死心,5.556,5.75
怪不自在,3.333,5.333
很不自在,3.333,5.438
超级不自在,2.667,6.714
超不自在,2.333,7.143
太没自信,3,5.778
比较没自信,4,4.688
比较没有自信,4,4.688
更没自信,3.333,5.857
很没自信,3,5.875
很没有自信,3,6
最没自信,2.625,6.111
超没自信,2.75,6.75
较没自信,4,4
比较不冷,5.375,3.667
较不冷,5.071,4.429
完全没利益,3.5,6.438
最没有利益,4.66,5.675
尤其不希望,3.275,5.417
好没希望,3.056,5.813
完全没希望,2.111,6.222
完全没有希望,2,6.786
更不希望,3.75,6.056
更没希望,3.125,6
很没希望,3.556,5.625
最不希望,3,6.333
比较不能忍,3.575,5
尤其不能忘记,5.25,6.111
更不能忘记,4.778,5.5
更没忘记,5.513,5.55
更没有忘记,5.425,6.083
最不能忘记,5.378,6.3
还不能忘记,5,4.429
还没忘记,4.933,4.433
还没有忘记,5.444,5.125
十分不快乐,2.889,6.444
很不快乐,2.556,6.688
最不快乐,2.556,6.5
极度不快乐,2.057,7.614
还不能批评,4.1,5.9
完全没改善,3.071,6.563
完全没有改善,3,6.056
还没改善,4,5.056
还不能决定,4.378,5.111
还没决定,4.4,4.929
还没有决定,4.65,4.286
还没有足够,4.222,4.3
更不能忽略,5.611,5.071
最不能忽略,5.286,5.125
更不能忽视,5,6.125
比较不怕,5.1,4.5
完全不怕,6,5.778
更不怕,5.486,6.41
最不怕,5.563,6.056
越不怕,6.917,6.5
愈不怕,5.413,6.138
较不怕,4.95,4.5
蛮不怕,5.317,5.05
怪不怪,4.7,4.4
有点不放心,4,4.056
更不能放弃,6,6.556
更没有放弃,6.05,6.7
还不放弃,5.214,5.778
还不能放弃,5.514,6.438
还没放弃,6.333,5.125
还没有放弃,5.556,6.25
比较没朋友,3.511,3.7
好没有朋友,3.42,5.12
完全没朋友,2.722,6
完全没有朋友,2.556,5.857
更没朋友,3.443,5.056
极度不欣赏,1.889,7.5
还没玩,4.85,5.583
太没知识,3.375,5.214
很没知识,3.389,4.714
比较没信心,4,4.667
比较没有信心,3.778,5
好没信心,3.071,5.125
完全没信心,3,6.222
完全没有信心,3,6.222
更没信心,3,5.2
更没有信心,3.556,6.143
很没信心,2.95,5.111
很没有信心,3.056,5.625
最没信心,2.556,6.125
超没信心,2.667,7
较没信心,3.75,5.286
完全不信任,2.75,6.125
更加不信任,3.063,6.125
极度不信任,2.063,7
更没有勇气,3.7,6.163
完全不后悔,6.056,5.625
比较不恰当,4,4.375
非常不恰当,2.556,6.125
相当不恰当,3.389,4.714
还不流行,4.45,4.111
还没流行,4.5,4.278
太不相信,4,6
完全不相信,2.625,6.188
完全不能相信,3.167,6.625
更不相信,3.278,5.875
最不能相信,2.75,6.571
还不相信,4.071,4.889
比较没负担,4.611,3.929
比较没有负担,5.389,3.778
更没有负担,5.7,5.288
最没负担,6.143,5.167
最没有负担,6.5,5.333
比较没风险,5.625,5.143
比较没有风险,5.125,5.143
完全没风险,6.563,6
完全没有风险,6.714,5
更没有风险,5.5,5.75
最没风险,5.6,5.789
最没有风险,6.944,6.143
太不值得,2.75,6.625
完全不值得,2.667,6.833
超不值得,2.25,7.375
超级不值得,2.75,6.778
比较不值钱,4,5
越不值钱,4,5.5
完全不能原谅,2.5,7
更不能原谅,3.444,5.875
最不能原谅,2.333,7
比较不害羞,5.444,3.722
尤其不能容忍,2.5,6.625
完全不能容忍,2.222,6.938
更不能容忍,3,6.5
最不能容忍,2.5,7
比较没差,5.05,3.6
比较没有差,4.75,4.214
完全没差,5.167,5.167
最没差,5.357,4.429
最没有差,5.071,3.9
还不差,6,4.444
较没差,5,3.875
太没效率,2.75,6.188
太没有效率,3.167,6.438
比较没效率,4,4
好没效率,3.5,6
更没效率,3.389,6.056
更没有效率,3.333,5.625
最没效率,2.688,6.714
最没有效率,3.056,5.714
较没效率,4,4
很没效率,3.063,5.111
很没有效率,3.389,5.563
完全没贡献,3,5.875
完全没有贡献,2.789,5.778
十分不高兴,2.333,7.571
有点不高兴,4,4.857
很不高兴,2.444,6.944
相当不高兴,3,6.5
更没有强奸,4.275,8.65
完全不能控制,3.05,6.556
还不能控制,3.643,5.167
比较不敏感,5.5,4.071
较不敏感,5.278,3.625
比较没救,3.556,4.714
完全没救,2.333,7.125
更没救,3,6
很没救,2.957,6.96
太不清楚,3.444,4.714
比较不清楚,4.063,3.6
完全不清楚,3.556,4.556
更不清楚,3,5.333
超不清楚,3.375,6
越不清楚,4.125,5.071
较不清楚,4,3.667
还不清楚,4.063,2.75
蛮不清楚,4,4.625
十分不爽,2.4,7.444
太不爽,3,7.5
有点不爽,3.778,4.944
老不爽,2.5,7.188
更不爽,3,6.778
更加不爽,3,7.625
非常不爽,2.333,7.625
很不爽,1.625,7.25
相当不爽,2.667,7
挺不爽,3,6.125
最不爽,2.25,7.833
稍微不爽,4,5.188
超不爽,1.375,7.929
超级不爽,1.9,7.688
越不爽,3.263,6.3
愈不爽,3.433,7.489
极度不爽,2.063,7.5
极为不爽,2.625,8.111
还不爽,3,7.5
还没爽,3.875,6.786
蛮不爽,3,5.438
非常不理想,2.333,6.833
相当不理想,2.667,5.667
较不理想,4,4.75
蛮不理想,3.5,5
十分不喜欢,2.5,7.071
尤其不喜欢,3.35,5.857
比较不喜欢,4,4
有点不喜欢,4,5.125
更不喜欢,2.722,5.813
更加不喜欢,2.713,6.683
怪不喜欢,3,6.25
非常不喜欢,2.375,6.889
挺不喜欢,3.111,6
特别不喜欢,2.722,6.438
超不喜欢,2,7.063
越不喜欢,3.063,5.813
愈不喜欢,3,5.286
蛮不喜欢,3.611,5.625
最不喜欢,2.375,6.286
超级不喜欢,2.375,7.313
太不尊重,2.444,7
完全不尊重,2.556,7
完全没有尊重,2.556,6.571
很不尊重,2.556,6.75
相当不尊重,2.444,6.444
最不尊重,2.75,6.929
超不尊重,2.5,7.167
超级不尊重,2.556,7
极度不尊重,2,7.125
蛮不尊重,3.556,5.444
太没有尊严,2.929,6.571
好没尊严,3,5.543
更没尊严,3.278,6.167
很没尊严,2.778,6.357
很没有尊严,2.64,6.063
最没尊严,3.211,6.371
超没尊严,2.643,7.056
更没有悲观,5.271,5.014
比较不痛,4.7,4
稍微不痛,4.65,5.15
较不痛,5.75,4.188
十分不舒服,2.75,5.938
太不舒服,2.75,6.111
比较不舒服,4,4.857
更不舒服,3.063,5.375
更加不舒服,3.222,5.833
非常不舒服,2.375,7
很不舒服,2.688,5.333
相当不舒服,2.556,5.889
挺不舒服,3.4,4.889
超不舒服,2.375,6.714
越不舒服,3.3,5.583
极度不舒服,2.333,6.929
蛮不舒服,3.389,5
超级不舒服,2.333,7.111
有点不开心,4,5.357
非常不开心,2.667,7.167
很不开心,2.444,6.778
相当不开心,2.556,7.375
超不开心,2.6,7.389
蛮不开心,3.4,5.688
超级不开心,2.333,7.056
还不能乱,4.5,5.417
比较不伤,4.95,4.688
较不伤,4.257,4.378
比较没伤害,4.856,4.8
比较没有伤害,5,5.9
最没伤害,5.289,6.125
尤其不想,3.714,4.929
有点不想,4,4.583
老不想,4.286,4.8
完全没想,4.222,3.583
完全没有想,4.588,4.289
更不想,4.25,5.667
更加不想,3.357,5.5
更没有想,4.643,5
怪不想,4.083,5.417
非常不想,2.95,6.25
很不想,3.611,5.586
特别不想,3.625,6
超不想,3.188,6.5
超级不想,2.556,6.571
越不想,3.989,4.111
愈不想,3.778,5.071
极度不想,2.838,6.333
还不想,4.55,4
还没想,4.643,3.286
还没有想,4.389,4.125
蛮不想,3.611,5.188
最不想,3.857,5
太没爱,3.45,5.729
太没有爱,2.625,6.556
比较不爱,4,3.833
比较没爱,3.863,4
比较没有爱,3.963,5
更不爱,3.1,5.813
更没爱,3.25,5.5
很不爱,2.167,6.813
很没爱,3.329,5.517
特别不爱,2.111,6.714
最不爱,2,6.75
最没爱,2.6,6.7
超不爱,2.5,7.125
超级不爱,2.875,6.75
越不爱,2.875,5.938
较不爱,3.722,5.222
很没有爱,2.778,6
太没爱心,3,6.643
很没爱心,3.278,5.667
更没感情,3.5,6.313
很没感情,3.438,6.188
很没有感情,3.25,5.667
超没感情,2.911,6.5
还不感谢,4.625,6
更没烦恼,5.586,6.144
完全不能解决,2.556,6
完全没有解决,3.063,6.563
还不能解决,3.667,4.625
还没解决,4,4.75
还没有解决,4,5
完全没遇到,5,5
还没遇到,4.938,3.444
还没有遇到,4.938,3.625
还没有游戏,4.9,4.5
比较没有对,3.929,5.083
有点不对,4,4.056
有点没有对,4.357,4.5
完全不对,2.556,5.625
完全没对,3.175,6.063
完全没有对,2.778,5.833
稍微不对,4.05,4.363
还不满足,3.5,5.357
还不能满足,4.667,4.522
比较不满意,4,4.944
有点不满意,4,5
很不满意,2.444,6.5
相当不满意,2.722,6.444
越不满意,3.333,5.889
极度不满意,1.625,7.429
较不满意,4,4.625
还不满意,3.5,5.625
最不满意,2.111,6.5
稍微不满意,4,4.611
完全没有认真,3.111,6.125
十分不乐观,2.5,6.833
更不乐观,3.063,6.1
更加不乐观,3.111,6.444
非常不乐观,2.667,6.625
相当不乐观,2.556,6.056
极度不乐观,1.5,6.214
有点不确定,4.063,4.222
更加不确定,3.744,6.189
较不确定,4,4.071
还不能确定,4.444,4.1
还没确定,4.5,4.75
还没有确定,4.611,4
完全不冲突,5.875,5.167
完全没有冲突,6,5.667
更没有冲突,4.72,5.338
还不能质疑,4.214,6
太不适合,3,5.889
比较不适合,4,3.85
有点不适合,4.056,3.444
完全不适合,2.667,6
更不适合,3.167,5.125
非常不适合,2.611,6.143
很不适合,2.375,5.75
最不适合,3.071,5.571
超不适合,2.5,6.375
较不适合,4,4.833
蛮不适合,3.5,4.9
超级不适合,2.4,6.667
较不适宜,4,4.5
非常不适当,2.667,6.214
很没魄力,3.071,6.111
超没魄力,3.111,6.25
太不积极,3.5,6.222
完全没有积极,3.5,6.357
更没有积极,4.544,4.725
比较没兴趣,4.056,3.875
比较没有兴趣,4.311,4.743
好没兴趣,3.833,5.688
更没兴趣,3.556,6.167
很没兴趣,3.611,5.375
很没有兴趣,3.725,5.125
较没兴趣,4,5
完全不输,6.4,5.5
更不能输,5.667,6.25
最不能输,4.8,6.643
还没输,5.688,5.3
完全没错,6.625,5.857
完全没有错,6.667,5.944
更没错,6.167,6.389
更没有错,5.438,6.278
很没错,5.84,5.083
尤其不能错过,6.125,6
最不能错过,5.85,6.75
更不能随便,4.875,6.438
比较没有优势,3.667,5.286
比较没压力,5.722,4.375
比较没有压力,5.688,4.375
完全没压力,6.714,5.417
完全没有压力,6,6
更没有压力,6.333,4.938
最没压力,5.889,5.625
较没压力,4.4,4.689
完全没帮助,3.071,6.111
完全没有帮助,3,5.5
更没有帮助,3.189,5.786
最没帮助,3.1,6.375
最没有帮助,2.978,6.417
更不能滥用,4.883,6.5
完全不能松懈,5.556,5.889
比较不关心,4,4
越不关心,3.333,5.875
较不关心,4,4.643
完全不愿,2.389,6.1
更不愿,3.5,5.786
最不愿,3.05,7.071
较不愿,4,5
还不愿,3.938,5.333
比较不愿意,4,4.889
完全不愿意,3.071,6.875
更不愿意,3.111,6
最不愿意,2.833,6.714
较不愿意,4,4.4
还不愿意,4,5.05
较不严重,4.8,4.438
还不严重,5,4.857
还不能赢,4.333,5.857
比较不烂,4.429,5.563
稍微不烂,4.275,4.525
较不烂,4.25,5.025
更不能牺牲,5.271,6.571
比较没顾虑,5.675,4.488
比较没有顾虑,5.513,4.144
可能不利,3.58,5.538
本来心情,4.75,4.8
也许心情,4.75,3.875
本来支持,5.244,4.35
可能支持,6.167,5.1
应该支持,6,4.8
本能支配,4.744,5.057
也许失去,3.833,5.313
可能失去,3.889,5.222
可能打破,4.643,5.5
也许正,5.563,4.313
可能正,5.75,4.286
本来同情,4.444,4.071
也许好,5.556,4.6
可能好,5.567,4.286
应该好,5.875,4.929
也许成功,6.563,5.688
可能成功,6.643,5.625
也许有钱,5.656,5.111
也许死,2.375,5.786
可能死,2.438,4.5
应该死刑,2.75,6.714
也许自由,5.114,4.45
本来免费,4.556,4.556
也许希望,5.863,4.243
本来希望,4.922,4.833
也许忘记,4.5,4.583
可能忘记,4.556,4.438
本来忘记,4.743,4.575
应该把握,5.55,4.84
本来决定,4.678,5.443
应该足够,5.25,3.813
应该协助,5.888,4.5
可能忽略,4.375,3.813
也许怕,3.833,5.375
本来怕,4.75,5.125
应该怪,4,5
应该承担,5.089,4.667
本来拒绝,5,6
可能放弃,3.55,5
应该放弃,3.611,5
可能玩,5.063,4.625
应该保护,5.857,5.75
也许勉强,3.889,4.611
可能威胁,3.75,6.25
本来相信,5.46,4.75
应该相信,6,4.786
可能致命,3,6.222
可能面临,4.822,4.5
也许值得,5.722,4.625
本来害怕,4.167,5
可能差,3.613,4.425
应该差,4,4.143
可能破坏,3.538,6.078
应该高兴,6.311,5.722
应该清楚,5.222,3.722
应该爽,6.322,6.033
也许喜欢,6.075,4.613
可能喜欢,6.078,4.644
本来喜欢,4.813,5
可能丧失,3.611,4.82
本该尊重,5.063,5.5
应该尊重,5.856,4.944
也许最好,6.357,6.178
本来犹豫,4.75,4.5
本来答应,4.875,4.025
本来开心,4.525,5.35
应该开心,5.986,5.35
本来乱,3.8,5.114
也许干,4,5.9
也许想,5,3.938
可能想,4.889,3.444
本来想,4.6,3.5
应该想,5,3.714
也许爱,6.5,4.65
也许感情,5,4.9
应该禁止,3.625,5.389
可能解决,5.7,4.488
也许遇到,5.088,3.986
可能遇到,5.025,3.444
可能违法,3.5,6.063
也许对,5.6,3.86
可能对,5.563,4.313
本该对,4.814,5.163
应该对,5.7,4.1
也许认真,5.9,4.333
应该庆幸,6.125,5.833
本来确定,4.971,4.875
可能冲击,3.875,6.313
也许适合,5.238,3.344
可能担心,4.111,5.5
本来担心,4.429,6.063
应该担心,4.056,5.8
应该积极,5.85,6
也许输,4.071,4.583
可能输,3.944,4.5
本来输,4.286,4.938
也许错误,3.929,5.438
也许帮助,5.9,4.967
应该帮助,6.189,5.5
本来怀疑,4.04,4.45
应该关心,5.833,5.563
可能严重,3.333,5.857
应该严格,4.056,6.35
可能赢,6.111,6.167
本来赢,4.5,5.667
应该赢,6.325,6.05
可能赢得,6.556,6.313
可能最不利,2.556,6.438
本来很反对,4.6,4.633
本来蛮支持,5.056,5.5
应该最支持,7.429,6
可能更可怕,2.833,7
应该更可怕,2.375,6.944
可能太正,6.643,6.083
应该挺正,6.389,5.2
可能比较正,6.333,4.611
可能很正,6.625,5.643
本来很正,5.214,4.938
应该很正,6.813,5.688
应该蛮正,6.244,5.111
本来很同情,4.367,4.95
也许比较好,5.778,5.111
也许更好,6.433,4.99
也许很好,5.85,4.6
可能比较好,6.375,4.875
可能很好,6.356,4.833
可能稍微好,5.622,4.422
可能较好,6.25,5.222
可能还好,5.143,4.563
本来很好,5.167,5.714
应该比较好,6.6,5.289
应该更好,6.5,5.786
应该非常好,7.1,6.178
应该很好,6.857,5.5
应该挺好,6.186,5.286
应该特别好,7.014,6.033
应该超好,7.163,5.944
应该较好,6.233,4.944
应该还好,5.55,4.167
应该蛮好,6.563,5.071
可能比较安全,6.438,4.286
可能还安全,5.438,4.278
应该比较安全,6.222,4.556
应该最安全,7.143,6.071
应该还安全,5.556,4.375
应该蛮安全,6.389,4.722
可能比较有效,5.91,5.02
可能更有效,6.6,5.371
可能还有效,5.667,4.657
应该比较有效,6.75,6.25
可能更有趣,6.833,5.944
应该挺有趣,6.733,5.286
应该很有趣,7,6.056
应该蛮有趣,6.9,5.6
可能更有钱,6.511,6.16
可能很有钱,6.225,5
可能还有钱,5.313,4.389
应该非常有钱,6.575,6.278
应该很有钱,6.571,5.714
可能有点冷,4.078,4.156
应该更完善,6.267,4.611
可能很希望,6.5,5.714
可能还希望,6.55,5.857
本来还希望,5.1,4.9
应该比较希望,6,5.333
应该最希望,7.2,6.167
应该非常足够,6.4,5.075
可能很怕,3.556,6.111
可能最怕,2.143,6.75
本来很怕,4.2,5.833
本来还怕,4.42,6.157
应该比较怕,3.813,5.9
应该最怕,2.3,6.714
应该超怕,2.611,7
可能有点怪,3.53,4.688
可能比较勉强,3.722,4.988
可能有点勉强,3.833,4.875
可能还勉强,3.625,4.5
应该还勉强,4.333,4.363
可能太帅,7,5.75
可能很帅,6.556,5.688
本来有点后悔,4.722,4.357
应该超后悔,2.57,6.714
应该更珍惜,7.143,5.643
可能比较陌生,4.063,4.389
可能有点陌生,4.05,3.625
可能有点风险,4.111,5.629
可能更值得,7,6
可能最值得,6.813,6.438
应该蛮值得,6.643,5.513
本来有点害怕,4.375,5.5
本来很害怕,4.643,5.778
可能比较差,3.611,4.75
可能很差,3.438,4.633
可能较差,3.544,3.838
应该非常差,2.389,5.688
可能还差,3.167,4.6
可能更恐怖,2.367,7.056
可能比较缺乏,3.244,4.933
可能较缺乏,3.533,4.022
可能太臭,2.889,5.3
应该很讨厌,2.643,6.813
可能很讨厌,2.275,6.5
本来很讨厌,4.28,5.343
应该超讨厌,2.375,7
本来很高兴,5.271,5.529
应该更高兴,7.111,6.5
应该非常高兴,7.563,7.313
应该很高兴,6.811,6.644
可能比较强,6.313,5.167
可能更强,6.656,5.844
可能很强,5.5,5.222
本来很强,4.917,5.125
应该比较强,6.556,5.278
应该更强,6.525,5.667
应该很强,6.422,5.7
应该挺强,6.556,5.643
应该蛮强,6.189,5.575
本来很排斥,4.625,5.944
可能比较清楚,5.563,4.375
应该最清楚,5.913,5.163
应该比较清楚,5.843,4.525
应该更清楚,5.625,4.056
应该很清楚,6.429,3.9
应该蛮清楚,6,3.813
可能比较爽,6.433,5.986
应该比较爽,7.125,7.25
应该更爽,6.513,7.744
应该很爽,6.85,6
应该挺爽,7.556,6.611
应该最爽,7.722,7.722
应该蛮爽,7.167,6.722
可能比较笨,3.611,5.088
可能太累,3.25,4.75
可能比较累,3.611,4.444
可能有点累,3.913,3.7
可能更累,3.188,5.178
可能很累,3.25,5.063
可能比较麻烦,3.75,5.188
可能更麻烦,2.889,5.5
可能很麻烦,3.356,6.263
可能比较喜欢,6.356,5
可能更喜欢,7.075,6.444
可能较喜欢,6.011,5.375
本来很喜欢,5.063,5.875
本来最喜欢,5.333,5.75
本来超喜欢,5.063,6.056
本来蛮喜欢,5,5.5
应该比较喜欢,6.125,5.857
应该最喜欢,7.625,6.056
应该蛮喜欢,6.822,6.122
可能更恶化,2.46,6.856
可能太无聊,3.325,3.856
本来有点犹豫,5,4.5
本来还犹豫,4.778,4.438
应该蛮舒服,6.375,4.3
本来超开心,5.34,6.125
本来很开心,4.813,4.938
应该很开心,6.422,6.75
应该最开心,7.344,6.5
应该超开心,7.667,7.222
可能更乱,3.088,6.267
可能有点伤,3.638,4.6
可能稍嫌,3.857,5.417
应该很干,2.375,7.2
也许很想,5.3,3.789
可能太想,5.311,4.944
可能比较想,5.583,4.438
可能更想,5.388,4.788
可能很想,5.075,5
本来好想,4.944,4.583
本来有点想,4.533,3.363
本来很想,4.389,4.8
本来最想,4.633,5.311
本来超想,4.8,4.25
本来还想,4.675,3.978
本来蛮想,4.563,4.143
应该比较想,5.267,4.111
应该更想,5.256,4.871
应该很想,6.313,5
应该最想,5.375,5.583
应该超想,5.9,5.678
应该还想,5.444,5
应该蛮想,5.444,4.46
可能太爱,6.25,5
可能比较爱,7.143,5.688
可能很爱,6.5,4.875
应该非常爱,8.05,6.389
应该很爱,7.188,5.5
应该超爱,8.133,6.417
应该很惨,2.333,5.167
可能更惨,2.467,6
可能很惨,1.938,5.938
本来更惨,3.625,6
应该更惨,2.125,6.2
应该最惨,2.563,5.75
应该蛮惨,2.688,5.8
可能比较慢,4.214,2.5
应该太慢,3.571,4.1
应该更精彩,6.929,7.111
应该非常精彩,8,7.813
应该很精彩,7.475,7.243
本来很紧张,4.786,5.571
可能比较轻松,6.2,3.071
应该比较轻松,6.044,2.913
也许比较适合,5.522,3.5
也许更适合,5.867,4.211
可能比较适合,5.344,3.55
可能更适合,6.389,4.938
可能很适合,5.814,4.067
应该比较适合,5.463,3.744
应该更适合,6.278,4.611
应该非常适合,6.438,4.722
应该很适合,5.95,4.189
应该挺适合,6.375,4.333
应该最适合,6.163,5.1
应该较适合,5.813,4.188
应该蛮适合,6.144,4.488
可能更担心,3.422,5.922
本来有点担心,4.417,5.722
本来很担心,4.833,5.563
本来超担心,4.5,6.278
应该还输,3.786,4.938
可能略输,3.944,3.81
可能还输,2.889,5.429
可能有点帮助,5.778,4.95
可能太丑,2.438,4.786
可能很丑,2.944,5.333
本来很丑,3.943,4.322
应该更谨慎,5.438,5.5
应该特别谨慎,6.111,5.5
可能比较严重,3.433,5.963
可能更严重,2.638,7.513
可能很严重,2.444,6.9
可能最严重,2.533,7.344
应该更严重,2.456,7.333
可能还赢,7.111,6.889
应该还赢,6.443,5.8
可能有点烂,3.578,5.233
可能更烂,2.125,6.067
可能很烂,3.375,4.889
本来很烂,3.36,5.825
可能有点蠢,3.875,4.417
应该非常骄傲,5.5,6.875
应该没八卦,5.263,3.75
应该没有八卦,4.944,4.25
可能不支持,4,4.563
本来不支持,5.111,5.313
可能没打,4.5,5
应该不打,5.125,5.25
应该不能打,5,4.875
应该没打,5.063,5.143
应该没有打,4.96,4.14
也许不同意,4,4.063
可能不同意,4,4.889
应该不同意,4,4.111
也许不好,4,4.375
可能不好,4,4.5
应该不好,4,4.625
应该没有好,4,4.375
应该没有安全,4.029,3.978
应该不死,5.35,4.833
应该没死,4.286,5.75
可能不希望,3.889,5.125
可能没有希望,3.389,4.667
本来不希望,4.429,5.25
应该不希望,4,4.9
可能没希望,3.425,5.25
应该没希望,3.6,4.111
应该没忘记,5.5,4.278
应该没有忘记,5.25,4.278
可能没有足够,4.111,3.813
应该没有足够,4.256,3.867
可能不怕,5.643,4.625
应该不怕,5.389,4.389
应该不能怪,4.517,4.613
本来不抱,5.25,5.286
可能没朋友,4,4.429
可能没有朋友,3.667,4.55
应该没朋友,3.889,4
应该没有朋友,4,4
可能没玩,4.6,4.567
可能不相信,4,4.5
本来不相信,5.75,5.071
也许不差,5.333,5
也许没差,5.25,4
可能没有差,5.188,4
可能没差,5,3.5
应该不差,5.389,3.944
应该没差,5,2.889
应该没有差,5.25,3.333
本来不讨厌,4.5,5
应该不讨厌,5.444,4.857
可能没救,3.389,6.125
应该没救,3.857,4.688
可能不清楚,4.056,3.375
本来不清楚,4.922,3.98
应该不清楚,4,3.9
可能不爽,4.375,5.625
本来不爽,4.4,5.556
应该不爽,3.833,5.25
可能不喜欢,4,5.071
应该不喜欢,4,4.15
本来不喜欢,4.7,5.389
应该不能乱,4.438,4.5
应该没有乱,4.925,4.611
应该没傻,5.222,3.944
可能不想,4.5,3.333
可能没想,4.889,3.813
可能没有想,4.975,3.143
本来不想,5,5
本来没想,4.938,4.667
本来没有想,4.778,4.071
应该不想,4.063,3.333
应该没想,4.611,3.85
应该没有想,4.933,3.386
可能不爱,4,4.438
本来不爱,6,5.038
应该不爱,4.314,4.656
应该没爱,4.167,4.688
应该没经历,4.575,4.386
可能没罪,5.188,4.688
应该没罪,5.263,4.229
可能没遇到,5,3.625
应该没遇到,4.6,3.575
应该不违法,5.333,5.143
应该没违法,4.922,4.663
应该没违规,5.222,3.875
应该没有违规,4.875,4.111
也许不对,4.378,3.833
可能不对,4,4.625
可能没对,4.533,4.167
本来没对,4.778,4.563
应该不对,4,4.5
应该没对,3.688,4.214
可能不适合,4,3.375
应该不适合,4,3.889
可能没兴趣,4.111,4.222
本来没兴趣,5.05,4.813
应该没兴趣,4.333,4.714
可能不输,5.5,4.444
应该不输,4.883,4.343
应该没有输,5.444,4.444
也许没错,5.3,4.222
可能没错,5.444,4
可能没有错,5.444,4
应该没错,5.15,4.5
应该没有错,5.778,4.389
应该没有随便,4.757,4.763
可能没有帮助,4,5.25
应该没有帮助,3.857,4.643
也许不愿,4,3.75
可能不愿,4,4.389
本来不愿,4.611,5
应该不愿,3.938,4.444
也许不愿意,4,3.944
本来不愿意,4.722,4.875
应该不愿意,4,5
可能不愿意,4,4.95
应该不严重,5.75,4.611
没八卦,5.375,4.225
没有八卦,4.944,4
没有反对,5.611,4.875
没有支持,3.778,4.55
不打,5.05,5.871
不能打,5.167,5.667
没打,5.5,4.7
没有打,5.313,4.25
没有正面,4.444,4.875
不同意,3.611,4.675
不能同意,3.833,5.313
不好笑,3.667,5.5
没好处,3.722,5
没有好处,3.4,5.125
不安全,3.444,5
没有安全,3.5,4.917
没成功,3.5,5
没有成功,3.214,5.563
不死,6.111,5.833
不能死,4.8,6.95
没死,5.183,5.178
没有死,6.167,5.429
没死刑,5,5.917
没有死刑,5,5.1
没自信,3.25,5.778
没有利益,4.325,4.556
没希望,3,4.4
没有希望,2.689,5.35
不能忘记,4.9,6.1
没忘记,5.938,4.563
没有忘记,5.889,5
没改善,3.8,4.967
没有改善,3.5,5.357
不能决定,4.167,5.167
没决定,4.333,5.9
没受伤,5.75,4.938
没有受伤,5.3,5.288
不能忽略,5.625,4.357
不能忽视,5.25,4.75
不能怪,5.233,4.529
没有拒绝,5.722,4.813
不放弃,6.5,5.875
不能放弃,5.688,6.5
没放弃,6.25,5.688
没有放弃,5.85,5.563
没朋友,3.056,4.5
没有朋友,3.2,4.1
不玩,4.643,5.35
不能玩,4.063,5.125
没玩,4.544,4.65
没信心,3.363,5.189
没有信心,3.143,5.429
没勇气,3.478,5.4
没有勇气,3.667,4.944
不帅,3.986,4.786
不是,3.688,4.971
不相信,3.556,5.75
不能相信,3.2,5.775
不能苦,5.12,5.15
没有重大,5.143,4.583
不值得,3.444,5.722
不值钱,3.688,5.333
不能原谅,3,5.8
不能容忍,2.986,6.6
不差,5.5,4.571
没差,4.625,4
没有差,5.056,4.111
没效率,3.8,4.511
不高兴,3,6.417
不能强迫,4.778,5.5
不能得罪,4.714,5.875
不能控制,4.929,5.643
没救,2.688,6.278
没杀,5.2,5.5
不爽,3.063,7.175
没爽,3.875,5.75
不累,5.356,4.375
不喜欢,3.033,5.788
没有喜欢,4.05,5.167
不能乱,4.833,5.083
不干,4.5,6.2
不想,3.967,3.856
不能想,4.375,5.286
没想,4.638,3.638
没有想,4.644,3.4
不爱,3,5.067
没有感情,3.5,4.875
没有禁止,5.25,4.625
没经历,4.667,4.125
没罪,5.5,4.625
不能解决,3.522,4.522
没解决,3.556,4.813
没有解决,3.65,5.214
没有遇到,4.929,4.5
没遇到,4.25,3.778
没违法,5.167,4.263
没有违法,5.256,5.286
没对,3.417,4.571
不对,3.5,5.444
没有对,4.333,4.725
不满意,2.813,5.688
没认真,3.95,4.5
没有认真,3.55,5.056
不能轻忽,4.938,5.688
不确定,4.51,4.678
不能确定,4.678,4.367
没确定,4.186,4.922
没有确定,4.389,4.875
不能穷,5.083,5.5
没有冲突,6.063,5.3
不能质疑,5.5,5.571
不适合,4.056,4.288
不担心,5.857,4.688
没兴趣,4.267,4.238
没有兴趣,3.778,3.929
不输,6,4.875
不能输,5.533,5.811
没输,5.538,4.833
没有输,5.667,4.944
没有错,5.889,5.389
没错,5.65,5.125
不能随便,5.2,5.422
没压力,6.5,4.143
没有压力,5.538,4.6
没帮助,3.5,5.167
没有帮助,3.425,5.333
不愿,3.971,5.125
不愿意,3.313,5.75
不骗,5.944,4.875
没骗,6.25,5.286
不赢,3.643,5.1
没赢,4.375,5.043
没比较了不起,4.26,5.111
没有太了不起,4.814,5.5
没有比较了不起,4.583,5.978
没有特别了不起,4.775,5.5
不能怪小偷,4.5,5.5
不完全支持,4.611,4.556
不特别支持,4.286,3.944
没有完全支持,4.429,4.389
没有特别支持,4.813,4.083
没特别支持,4.78,4.25
不特别出色,4.563,4.5
没有非常出色,4.438,4.429
没特别出色,4.825,4.613
没有最可怕,3.657,6.163
不好打,4.5,5.875
没有很正,4.167,4.8
没很正,4.2,4.357
没特别正,4.189,4.163
不能太用力,4.756,5.225
没有最白痴,2.667,6.25
没好丢脸,4,5.05
没有太多余,5.063,4.05
不太好,4,4.625
不更好,4.75,5.75
不特别好,4.238,5.225
不能太好,4.15,5.125
不能更好,6.929,6.357
不能很好,4.35,4.633
没太好,4.15,4.525
没比较好,4.063,4.875
没有太好,3.938,5.5
没有比较好,3.75,4.786
没有完全好,4.613,4.225
没有更好,4.7,5.363
没有非常好,3.922,4.725
没有很好,4.063,4.571
没有特别好,4.129,5.038
没有较好,3.856,4.26
没完全好,4.086,4.4
没更好,4.688,5.125
没很好,3.563,5.278
没特别好,4.525,4.538
没较好,4.033,4.725
没有很好笑,4.214,5.056
没很好笑,4.322,4.167
没比较安全,3.75,5.222
没有比较安全,3.888,4.55
没有最安全,4.722,4.688
没有完全成功,4.5,5.278
没完全成功,4.7,5.4
没有更有力,4.75,4.714
没有很有钱,4,4.5
没很有钱,4.25,4.625
不能太自由,4.429,5.643
没有太自由,4.029,5.389
没有更自由,3.75,5.929
不很冷,4.743,4.167
没有很冷,4.611,3.938
没很冷,5.189,4.167
不能完全否认,4.813,5.25
没有最完美,5.163,4.725
没有更完善,4.475,4.686
没比较快乐,4.063,5.056
没有比较快乐,4.125,5.143
没有完全把握,3.722,5.571
没完全把握,4.611,4.611
不完全改善,4.313,4.778
没完全决定,4.8,4.8
没有更佳,4.257,4.786
不很奇怪,5.071,5.5
没好奇怪,4.825,4.7
没有最奇怪,4.55,4.9
不很怪,4.643,4
不能完全怪,4.188,4.25
没有好怪,5.3,4.7
不完全信任,3.975,4.675
不能完全信任,3.689,5.889
没比较帅,4.467,4.45
没有比较帅,4.189,4.363
没有很帅,4.189,4.3
没有特别帅,5.313,4.5
没很帅,4.35,4.622
没特别帅,4.813,4.722
不特别挑剔,5.222,5.057
不好炫耀,4.286,5.025
不完全相信,4.278,5.167
不能太相信,4.15,5.133
不能完全相信,4.167,5.333
没有更值得,4.133,5.586
没有完全原谅,4,4.625
不很差,4.5,4.611
不能太差,3.9,5.657
没太差,4.778,3.938
没比较差,5.2,4.567
没有太差,4.922,4
没有比较差,5.178,4.788
没有更差,4.286,4.813
没有非常差,4.488,4.156
没有很差,4.688,4
没有特别差,4.667,4.222
没有最差,4.417,4.5
没很差,4.563,3.929
没特别差,4.75,4.286
没比较弱,5,5.3
没有比较弱,5.438,4.65
不能完全消灭,3.963,5.1
没有完全消灭,4.083,5.167
不完全真实,4.444,4.357
没有非常讨厌,4.167,5.5
不很高兴,4,5.71
没特别高兴,5.088,5
没有比较伟大,3.944,5.433
不能太强,5.071,4.938
不能很强,4,6
没比较强,4.533,4.533
没有太强,4.778,4.778
没有比较强,4.3,4.411
没有更强,4.77,5.456
没有非常强,4.786,4.944
没有很强,3.856,5.113
没有特别强,4.6,4.278
没有最强,4.571,4.844
没非常强,4.25,4.875
没特别强,4.757,4.711
没最强,4.7,5.25
没有太强烈,4.889,5.457
没有非常强烈,5.111,5.6
没有特别情绪,4.956,3.44
不好控制,3.633,5.55
不能完全控制,4.063,5.722
不太清楚,4.367,3.89
不完全清楚,4.125,4.2
不很清楚,3.688,4
没有太清楚,4.289,3.589
没有非常清楚,4.267,4.713
没有很清楚,4.222,4.25
没很清楚,4.157,3.833
没比较爽,4.286,5.167
没有比较爽,4.538,5.35
没有很爽,4.414,4.933
没有最爽,5.429,6.5
没很爽,4.644,5.1
不太理想,4.043,4.843
不很理想,3.643,4.729
不能太粗鲁,4.413,5.138
不能太贪心,4.756,5.056
没特别喜爱,4.511,4.15
不太喜欢,3.778,5
不很喜欢,4.425,5.714
不特别喜欢,4.071,5.333
没有很喜欢,4.313,5
没有特别喜欢,4.786,4.556
没很喜欢,4.75,4.778
没特别喜欢,4.744,4.489
不能太寒酸,4.263,4.838
没有完全悲观,5.067,4.513
不太舒服,3.51,4.2
不很舒服,3.722,5.313
没比较舒服,4.389,3.675
没有比较舒服,4.056,4.583
不太想,3.813,4.167
不好想,4.313,3.75
不很想,4.1,3.333
不特别想,4.533,3.486
不能老想,4.771,4.088
不能还想,4.7,4.5
没有非常想,4.667,5.25
没有很想,4.678,3.571
没有特别想,4.778,3.7
没有还想,4.5,4.444
没很想,4.529,3.867
没特别想,4.59,4.138
不太爱,3.571,5.5
不很爱,3.983,4.7
不特别爱,3.944,4.929
没有非常爱,5.42,5.529
没有很爱,4.375,4.5
没有特别爱,6.143,4.688
没很爱,3.917,5.25
没特别爱,4.533,4.671
不能完全禁止,4.143,5.389
没有完全禁止,4.333,5
不能完全解决,4.25,4.95
没有完全解决,4.375,5.25
没完全解决,4.375,5.056
不能太诚实,4.825,4.588
没有完全诚实,3.625,4.722
没有好游戏,4.383,4.25
不好鼓励,4.583,4.688
不太对,4.189,5
不完全对,4.056,4.683
没有完全对,4.833,4.688
没有特别对,4.657,4.225
不更惨,4.2,5.2
没比较惨,4.171,4.411
没有太惨,3.938,4.375
没有比较惨,3.5,4.722
没有好惨,3.7,5.075
没有更惨,3.933,4.256
没有最惨,3.05,5.043
没更惨,3.556,5.275
没最惨,3.943,4.775
没比较慢,5.071,3.833
没有比较慢,5.5,3.6
不太满意,3.663,5.45
不完全满意,4.525,4.938
不很满意,3.433,5.763
没有非常满意,4.278,5.667
没有很满意,3.871,5.167
不特别漂亮,4.65,5.571
没有更漂亮,5.267,5.688
没有非常漂亮,4.43,5.263
没有很漂亮,4.45,4.5
没很漂亮,4.429,4.875
没太认真,4.125,4.125
没有太认真,4.667,4.729
没有很认真,4.28,4.633
没很认真,4.45,4.55
没比较轻松,4.188,3.714
没有比较轻松,4.143,3.813
没有最恶心,3.329,6.46
不能太乐观,3.75,5.778
不太确定,4.46,4.578
不很确定,4.656,4.763
不能完全确定,4.74,5.067
不能很确定,4.778,4.5
没完全确定,4.944,4.7
没有最贱,2.733,6.75
不太适合,4.083,4.25
不完全适合,4.288,3.622
不很适合,3.813,4.625
不能太操,3.767,5.667
没很操,4.3,5.983
没有太积极,4.42,4.611
没有更积极,4.611,5.9
没有太兴奋,5.389,5.056
没有非常兴奋,5.1,4.65
不能太随便,4.729,5.814
没比较优,4.256,5
没有比较优,4.556,5
没有比较优惠,4.2,4.563
没有更优惠,4.722,5.833
没有特别优惠,4.571,5
没特别优惠,4.125,4.833
不能太糟,4.083,5.444
没有更糟,4.167,5
没有太糟糕,4.575,4.688
没有更糟糕,4.25,4.929
不特别聪明,5,4.286
不能太聪明,4.917,5.75
没比较聪明,4,4.286
没有比较聪明,4.563,4.357
没有特别聪明,5.1,3.933
没有最丑,4.929,4.375
不能太丑,4.167,5
不特别关心,4.125,4.575
没特别关心,4.688,4.5
没有最难吃,3.65,4.917
没有太难过,4.478,4.675
不好骗,4.683,5.363
没太严重,4.938,5.25
没有太严重,4.314,5.571
没有更严重,4.54,6.525
没有很严重,4.667,5.278
没更严重,4.444,5.375
没很严重,4.613,5.038
没特别严重,4.167,5.688
不能太烂,4.071,5.444
没比较烂,4.714,5.063
没有非常烂,4,4.875
没有很烂,4.188,4.786
没有最烂,4.144,4.85
没很烂,4.643,4.878
没有最蠢,3.214,5.2
没太惊讶,4.963,5.975
没有太惊讶,4.878,5.713
